PAGE,페이지 제목,Page View,ADsense
/67,[엑셀] 시트이름을 변수로 설정해서 셀 값 불러오기(indirect함수),4478,3.670991
/378,[엑셀] PDF에 있는 표를 엑셀로 옮길때..,2898,9.11057
/411,"[엑셀] 병합된 셀이 있을 때, 복사 붙여넣기",1887,2.604866
/474,"단위 절사, 미만 절사",1651,0.638541
/64,[엑셀] TEXT(텍스트) 함수 - 텍스트 중간의 숫자에 천단위 구분 컴마 넣기,1410,1.013796
/449,엑셀 단축키(ctrl+shift+enter) 또는 다른 단축키 안될 때(한컴 입력기 삭제),1195,0.653507
/348,자동차 보험사 긴급출동을 통해서 배터리 교체는 절대 하지 말 것,1029,2.181056
/258,"[엑셀] 따옴표("")를 문자로 인식하는 방법(substitute 함수에서 따옴표("") 바꾸기)",1020,1.315238
/41,[엑셀] 데이터 셀 순서 거꾸로 뒤집기(바꾸기),983,0.909577
/66,[엑셀] 시트이름으로 하이퍼링크 만들기(시트이름 찾아 넘어가기),954,0.590279
/374,[엑셀] 셀스타일 ② 셀스타일 전부 삭제하기,907,1.460564
/457,[엑셀] 다중 조건에서 INDEX/MATCH함수로 값 찾기,831,0.955357
/331,"윈도우10 한글 계정, 영문으로 변경하기",828,1.35978
/407,"[엑셀] 특정 날짜의 주차 계산, 주차별 시작날짜/마지막날짜 계산",812,0.667003
/46,"[엑셀] 다중조건에 대한 값 찾기(INDEX, MATCH, VLOOKUP, HLOOKUP)",735,0.64295
/349,HDMI-in / HDMI-out 구분해서 스마트폰과 연결하기,723,1.529781
/544,[엑셀] 날짜에 따라 테이블 색 변경하기 / WBS 서식 만들기,646,0.852856
/48,"[엑셀] 다중조건에 대한 값 찾기(SUMIF, SUMIFS)",637,0.307754
/293,PD 충전단자가 없는 노트북을 위한 PD to DC 케이블,615,1.963679
/150,[엑셀] 구간별 개수를 세는 방법(배열함수/countif함수),589,0.433617
/,Worthless Theory,556,0.291453
/313,[엑셀] 마지막으로 저장한 사람과 시간 셀에 저장하기,548,0.862877
/447,[엑셀] 배열수식(ARRAY_FORMULA)의 이해,496,0.477842
/50,[엑셀] 병합된 셀 풀고 값 채우기(IF함수 활용),438,1.150039
/459?category=976614,[엑셀] 조건에 맞는 값이 여러개일때 n번째 값 찾기,430,0.309104
/345,[윈도우10] 탐색기에서 폴더 설명 넣기,419,0.951495
/340,[파워포인트] 차트 서식 복사,397,0.559767
/366,"[엑셀VBA] 영역선택, 이름관리자를 VBA에서 사용",391,0.20353
/118,[엑셀] 날짜 데이터 참조시 날짜 서식 유지하기(text함수),387,0.20988
/523,엑셀 / 엑셀VBA 관련 포스팅 리스트(2022.11.02),387,0.125174
/454,[엑셀] 시트이름을 수식에서 사용하기(날짜 계산),381,0.280098
/35,[엑셀VBA] VBA로 .txt 파일 생성하기,378,0.139992
/527,[엑셀VBA] A4사이즈로 시트 만들기,376,0.362451
/333,[엑셀VBA] 이름정의로 정의된 이름 지우기,375,0.526772
/268,소속 조직의 정책으로 인해 이 동작을 완료할 수 없습니다. 윈도우10 + 오피스 프로그램 하이퍼링크 에러,365,0.396911
/532,"[엑셀] 점수 구간별 등급, vlookup의 range_lookup 옵션으로 쉽게 설정하기",353,0.321764
/75,[엑셀VBA] 텍스트 앞뒤 바꾸기(뒤집기),346,0.322351
/521,[엑셀VBA] 엑셀VBA 1004 런타임 오류,312,0.021405
/522,[엑셀VBA] 시트별로 따로 파일 저장하기,280,0.016452
/409,"SSD 설치를 했는데, 윈도우10에서 인식이 안된다.(PM9a1)",268,0.032254
/456,[엑셀] 날짜 평일만 표시하여 연속 데이터 채우기,265,0.149061
/496,"전자제품 직구의 필수품, 플러그 어댑터(EU to KR)",264,0.078304
/20,[엑셀VBA] 조건에 따라 셀 값 데이터 찾기,258,0.014267
/285,[엑셀VBA] 텍스트(입력키) 매크로,252,0.067291
/362,소니 .ARW (RAW파일) 윈도우 탐색기 미리보기 활성화,251,0.268101
/307,블루투스 키보드 연결문제 - PIN을 입력하세요,248,0.134773
/263,"다이소의 양면 마이크로5핀케이블, 그리고 데이터 전송속도",224,0.281888
/235,"[엑셀] 동일조건인 값이 2개 이상일때, 첫 값과 마지막 값 찾기",221,0.02195
/51,[엑셀] 특정 문자가 포함된 SUMIF함수,215,0.046876
/482,편의점 택배 송장 조회 안될 때,207,0.009252
/234,"[엑셀/VBA] _xlfn 에러, textjoin 함수 VBA로 대체해보기",204,1.573813
/316,[엑셀VBA] 소수점 자리가 있는 숫자를 소수점자리가 모두 보이도록 만들기,199,0.02545
/299,[사진장비]니콘 크롭 렌즈를 풀프레임에서 쓰면... (af-p 18-55mm DX),198,0.694936
/387,[엑셀] 병합된셀 순번(인덱스넘버) 넣기,197,0.395815
/427,아이패드 케이스 자석으로 커버 고정하기(라이노핏(RhinoFit) 케이스),197,0.266768
/295,"[엑셀VBA] 폴더 생성, 확장자별로 파일 이동",190,0.20036
/531,"스티커 메모, 취소선 단축키",189,0.184965
/556,구형 노트북에 크롬OS flex 설치 소감,189,0.275558
/560,[잡글] 출시 10년 지난 카메라는?(2023년의 소니 NEX-5R),188,0.031357
/459,[엑셀] 조건에 맞는 값이 여러개일때 n번째 값 찾기,186,0.142474
/277,[엑셀] 함수에 있는 상수 변수를 채우기할때 1씩 늘리기,183,0.178515
/476,한국표준직업분류 대분류2 직업의 근로소득 상위 25%,180,0.040101
/517,[파워포인트] 저장 시 글꼴 포함이 되지 않는 글꼴 삭제하기,175,0.107084
/344,[엑셀] 엑셀에서 구글시트로 데이터 값 복사할때 소수점 처리,167,0.129307
/477,"미러리스 카메라 센서 먼지 확인, 청소 방법",166,0.278986
/13,[엑셀] 나만의 엑셀 버튼 만들기(귀찮은 표 만들기),163,0.025553
/59,"[엑셀] 가상분석---데이터 표, 간보기",162,0.07362
/302,[엑셀] 배열함수 안에서 와일드카드 문자 사용하기,159,0.082667
/346,다이소 헤드폰(2020.12),158,0.79332
/515,[엑셀VBA] 문자와 숫자가 섞여있는 셀값에서 숫자만 추출하기,157,0.265341
/365,[엑셀VBA] 색칠된 셀의 합계 구하기,157,0.086791
/398,[플러터] Prefer const with constant contructors,157,0.009222
/267,윈도우10 노트북 스마트폰 테더링 무선인터넷 끊길 때 조치사항,156,0.078393
/288,"술깨는약, 숙취수액제가 효과가 있을까?",155,0.241315
/31,[엑셀VBA] 숫자 서식 바꾸기,155,0.00829
/404,크롭바디에 풀프레임 렌즈 사용기(삼양 24mm F2.8),148,0.283641
/37,[엑셀VBA] 데이터 셀 순서 거꾸로 뒤집기(바꾸기),148,0.033101
/36,[엑셀VBA] 조건부 서식,147,0.010574
/455,[엑셀] 등급 찾아서 넣기 : 이름정의에서 배열 사용#2(VLOOKUP),145,0.052619
/526,[엑셀] 줄바꿈으로 구분된 셀의 값 텍스트 나누기,143,0.148262
/343,[엑셀] 숫자 표시형식에서 회계형식처럼 우측에 여백주기,143,0.053701
/462,"[엑셀] 데이터 테이블 소계 넣기(SUBTOTAL, AGGREGATE)",142,0.056757
/97,"[파워포인트VBA] 텍스트 서식 한꺼번에 적용하기(볼드, 이탤릭)",141,0.042482
/256,[다트] 리스트 합치기,141,0.007367
/382,"[엑셀VBA] 날짜 자동 기재, 연습용 더미 데이터 생성",140,0.048109
/29,[엑셀VBA] USEDRANGE - 마지막셀 주소 찾기,139,0.012066
/146,형광등 안정기 교체 직접하지 마라,138,0.246133
/74,[엑셀] 색 다른 조건부 서식,137,0.068403
/453,[엑셀] 이름정의에서 배열 사용(VLOOKUP),137,0.004769
/377,[엑셀VBA] 숫자 데이터 공백 지우기(앞/뒤/가운데 전부) _ v2.0,136,0.236223
/381,"[파워포인트] 맑은 고딕 폰트, 자간(문자간격) 적당히 줄이기",133,0.186586
/144,"[엑셀VBA] 시트 복사하기 - 특정 리스트로 갯수, 시트명 설정",128,0.007086
/57,[엑셀] 자동필터(숫자필터로 상위 30% 찾기),128,0.04306
/485,[플러터] textbutton Hover 설정,128,0.004005
/435,수동렌즈 - 무한대 초점(삼양 12mm F2 MF),125,0.062969
/473,풍경에는 수동렌즈도 쓸만한가? (삼양 MF 12mm F2),124,0.044326
/73,[엑셀] 매크로 사용하기 - 상대참조 vs 절대참조,123,0.018808
/61,[엑셀] 데이터 연결 (편집),119,0.063771
/84,LG TV 펌웨어 업그레이드,118,0.185047
/264,[엑셀VBA] 시트 숨기기/해제하기 컨트롤러,114,0.024866